rec_id,fname,lname
rec-000-org,ryley,teunissen
rec-001-org,edward,zimmermann
rec-002-org,alana,wooley
rec-003-org,melanie,mcphail
rec-004-org,alyssa,slape
rec-005-org,zac,white
rec-006-org,mikayla,boller
rec-007-org,maddison,godfrey
rec-008-org,lily,white
rec-009-org,rebecca,priest
rec-010-org,bayley,simmonds
rec-011-org,kirra,mccarthy
rec-012-org,phoebe,povey
rec-013-org,tiffany,camffermann
rec-014-org,ebony,ryan
rec-015-org,annabelle,nguyen
rec-016-org,ayla,green
rec-017-org,callum,hammer
rec-018-org,keely,monjean
rec-019-org,riley,rees
rec-020-org,april,moyse
rec-021-org,tara,sekhon
rec-022-org,finnbar,armanious
rec-023-org,adriana,kellar
rec-024-org,nicholas,spyropoulos
rec-025-org,brody,goode
rec-026-org,holly,feeney
rec-027-org,cooper,brus
rec-028-org,felicity,feeley
rec-029-org,cain,heron
rec-030-org,olivia,beattie
rec-031-org,taylah,ryan
rec-032-org,kiara,borholm
rec-033-org,daen,morcom
rec-034-org,fyynlay,cheshire
rec-035-org,oliver,hoang
rec-036-org,lukas,awarau
rec-037-org,jayme,faull
rec-038-org,renai,mazzone
rec-039-org,joshua,white
rec-040-org,jessica,vassarotti
rec-041-org,jack,campbell
rec-042-org,lani,nguyen
rec-043-org,ryleh,trimmer
rec-044-org,simon,grosser
rec-045-org,kiera,saar
rec-046-org,tate,collier
rec-047-org,luke,clarke
rec-048-org,lauren,matthews
rec-049-org,kaitlin,webb
rec-050-org,fiona,goldsworthy
rec-051-org,alana,ryan
rec-052-org,peta,sherriff
rec-053-org,victoria,golden
rec-054-org,georgia,mcbryde
rec-055-org,emiily,goode
rec-056-org,alessandria,webb
rec-057-org,daniel,ryan
rec-058-org,isabella,ranson
rec-059-org,gianni,white
rec-060-org,hannah,bates-brownsword
rec-061-org,oakleigh,coleman
rec-062-org,caitlin,kruhse
rec-063-org,james,green
rec-064-org,brodie,gocze
rec-065-org,zachary,burnell
rec-066-org,noah,stanley
rec-067-org,mitchell,campbell
rec-068-org,marcus,petersen
rec-069-org,jay,leane
rec-070-org,andrew,faull
rec-071-org,isabella,mcbryde
rec-072-org,max,dietzel
rec-073-org,macey,longden
rec-074-org,dylan,broadby
rec-075-org,daniel,seto
rec-076-org,kyle,lynema
rec-077-org,william,snell
rec-078-org,mitchell,mckerlie
rec-079-org,olivia,hawes
rec-080-org,sam,berry
rec-081-org,jake,denholm
rec-082-org,elly,au
rec-083-org,katelyn,mason
rec-084-org,lachlan,green
rec-085-org,connor,hemmings
rec-086-org,sophie,petersen
rec-087-org,joel,musolino
rec-088-org,andrew,weller
rec-089-org,robert,clarke
rec-090-org,kieren,murry
rec-091-org,sophie,dixon
rec-092-org,nacoya,boravos
rec-093-org,james,koutlakis
rec-094-org,adela,cure
rec-095-org,campbell,winfield
rec-096-org,lily,fitzpatrick
rec-097-org,marcus,malbon
rec-098-org,hannah,nicolle
rec-099-org,aiden,lowe
rec-100-org,hugo,pantazopoulos
rec-101-org,lucas,green
rec-102-org,erin,tunstall
rec-103-org,jack,gorjanc
rec-104-org,isabella,ivers
rec-105-org,bella,thurlow
rec-106-org,jack,van meer
rec-107-org,kira,garnett
rec-108-org,jacob,littlely
rec-109-org,indiana,millar
rec-110-org,matthew,white
rec-111-org,sophie,schembri
rec-112-org,isabella,marshell
rec-113-org,emma,priest
rec-114-org,coby,herbert
rec-115-org,mikaela,gers
rec-116-org,neve,fitzpatrick
rec-117-org,malakai,clelland
rec-118-org,emiily,humphreys
rec-119-org,abby,ryan
rec-120-org,daniel,berry
rec-121-org,ryan,sek-sekalski
rec-122-org,taylor-saige,green
rec-123-org,mitchell,birkin
rec-124-org,timothy,matthews
rec-125-org,sian,kranz
rec-126-org,griffin,weaver
rec-127-org,jaime,harald
rec-128-org,william,green
rec-129-org,mikhayla,parremore
rec-130-org,james,matthews
rec-131-org,charlie,wilson-haffenden
rec-132-org,brayden,green
rec-133-org,alicia,clarke
rec-134-org,cain,lowe
rec-135-org,sara,carbone
rec-136-org,mitchell,webb
rec-137-org,erin,coleman
rec-138-org,ethan,browne
rec-139-org,liam,reece
rec-140-org,jaime,carie
rec-141-org,jake,grybowski
rec-142-org,catherine,capel
rec-143-org,mitchell,matthews
rec-144-org,david,bouras
rec-145-org,vanessa,nicklason
rec-146-org,lynton,campbell
rec-147-org,samara,tebb
rec-148-org,samuel,ryan
rec-149-org,courtney,constance
rec-150-org,riley,harrington
rec-151-org,ethan,leane
rec-152-org,william,teague
rec-153-org,kobe,green
rec-154-org,christian,lowe
rec-155-org,darcy,wilkey
rec-156-org,ruby,leditschke
rec-157-org,rachel,pounder
rec-158-org,caitlyn,coleman
rec-159-org,montana,adzaip
rec-160-org,tess,maynard
rec-161-org,jacob,white
rec-162-org,zachary,reece
rec-163-org,thomas,green
rec-164-org,micaela,donaldson
rec-165-org,noah,bridgland
rec-166-org,alice,milburn
rec-167-org,harrison,cordingley
rec-168-org,kierra,mcgregor
rec-169-org,mikayla,matthews
rec-170-org,abby,ryan
rec-171-org,lewis,bloomfield
rec-172-org,georgia,ryan
rec-173-org,dylan,truman
rec-174-org,gemaley,du
rec-175-org,lucy,dugdale
rec-176-org,sonja,green
rec-177-org,holly,claremont
rec-178-org,destynii,doman
rec-179-org,erin,stanley
rec-180-org,nicola,garwell
rec-181-org,marley,jessup
rec-182-org,bridget,colquhoun
rec-183-org,jacob,shelley
rec-184-org,ajay,finlay
rec-185-org,kierra,nguyen
rec-186-org,sophie,murton
rec-187-org,madeline,campbell
rec-188-org,lauren,schimleck
rec-189-org,joshua,hage
rec-190-org,jade,wiegold
rec-191-org,oliver,pavli
rec-192-org,brooke,mason
rec-193-org,maddison,tregoning
rec-194-org,ryan,belperio
rec-195-org,aidan,meaney
rec-196-org,anton,bottroff
rec-197-org,erin,marchiori
rec-198-org,kiera,bishop
rec-199-org,oscar,leong
rec-200-org,kimberly,giorginis
rec-201-org,liam,shepherdson
rec-202-org,wilson,mason
rec-203-org,aidan,rees
rec-204-org,caleb,tallarida
rec-205-org,harry,wang
rec-206-org,kaitlin,matthews
rec-207-org,meggie,mccarthy
rec-208-org,amy,bradshaw
rec-209-org,giaan,fitzpatrick
rec-210-org,aimee,simmonds
rec-211-org,rebecca,ho
rec-212-org,ebony,kujala
rec-213-org,katelyn,kiss
rec-214-org,jorja,lupoi
rec-215-org,michaela,nemec
rec-216-org,paige,ritzau
rec-217-org,lia,bottroff
rec-218-org,lily,beadle
rec-219-org,reegan,montfrooy
rec-220-org,zac,leslie
rec-221-org,xavier,leslie
rec-222-org,zac,block
rec-223-org,chloe,green
rec-224-org,brooklyn,ballantyne
rec-225-org,joshua,webb
rec-226-org,brielle,campbell
rec-227-org,michelle,corrie
rec-228-org,joel,ziersch
rec-229-org,annabel,clarke
rec-230-org,alia,slape
rec-231-org,joshua,clarke
rec-232-org,bayley,nguyen
rec-233-org,mitchell,zaimis
rec-234-org,jayden,white
rec-235-org,courtney,armiento
rec-236-org,samuel,chambis
rec-237-org,cooper,kemsley
rec-238-org,deakin,white
rec-239-org,anastasia,paine
rec-240-org,gracie,blake
rec-241-org,rosie,lock
rec-242-org,imogen,rundle
rec-243-org,harry,jolly
rec-244-org,maya,hazell
rec-245-org,sophie,hearn
rec-246-org,clodagh,maskiell
rec-247-org,madison,herbert
rec-248-org,ethan,faull
rec-249-org,seamus,riddell
rec-250-org,kirra,van engelenhoven
rec-251-org,lachlan,udovcic
rec-252-org,madison,crossman
rec-253-org,katelin,clisby
rec-254-org,daniel,campbell
rec-255-org,india,kemsley
rec-256-org,connor,simmonds
rec-257-org,saskia,norvill
rec-258-org,joshua,harmse
rec-259-org,joshua,boyle
rec-260-org,nathan,nguyen
rec-261-org,sophie,donegan
rec-262-org,andrew,blackwell
rec-263-org,annabelle,willing
rec-264-org,brianna,badalassi
rec-265-org,gabrielle,milburn
rec-266-org,amy,lansdell
rec-267-org,flynn,bansemer
rec-268-org,elki,jessen
rec-269-org,rhys,jolly
rec-270-org,brooklyn,stubbs
rec-271-org,william,leaver
rec-272-org,hannah,moulton
rec-273-org,leon,le lievre
rec-274-org,isabelle,almeida
rec-275-org,nicolas,goode
rec-276-org,joel,orlovic
rec-277-org,nicholas,jolly
rec-278-org,emiily,noble
rec-279-org,rosie,matthews
rec-280-org,sara-louise,simmonds
rec-281-org,joel,worsley
rec-282-org,zali,webb
rec-283-org,hamish,ryan
rec-284-org,patrick,mazzocchetti
rec-285-org,harrison,walpole
rec-286-org,cameron,bishop
rec-287-org,billy,breedt
rec-288-org,mackenzi,casper
rec-289-org,ainsley,jolly
rec-290-org,jacob,mazzone
rec-291-org,jack,spicer
rec-292-org,thomas,webb
rec-293-org,lauren,georgiadis
rec-294-org,declen,rovira
rec-295-org,liam,bramble
rec-296-org,abbie,goldsworthy
rec-297-org,hannah,petersen
rec-298-org,jack,apted
rec-299-org,chloe,dixon
rec-300-org,dylan,wang
rec-301-org,trent,shepherd
rec-302-org,brielle,reid
rec-303-org,isaac,white
rec-304-org,jessica,clarke
rec-305-org,sarah,ryan
rec-306-org,hari,senner
rec-307-org,emma,clarke
rec-308-org,jacqueline,beattie
rec-309-org,layla,somim
rec-310-org,elijah,browne
rec-311-org,connor,george
rec-312-org,willow,white
rec-313-org,tommy,cochrane
rec-314-org,lucy,webb
rec-315-org,alannah,kristens
rec-316-org,jory,white
rec-317-org,jamie,goldsworthy
rec-318-org,jack,mason
rec-319-org,jaime,colasante
rec-320-org,tarnia,stanley
rec-321-org,taliah,mahon
rec-322-org,angelina,loosmore
rec-323-org,adam,reece
rec-324-org,amy,reid
rec-325-org,jesse,gikopoulos
rec-326-org,matthew,speight
rec-327-org,marianne,goldsworthy
rec-328-org,nathan,mewett
rec-329-org,lachlan,mcgregor
rec-330-org,cooper,orkney
rec-331-org,claudia,muehlberg
rec-332-org,bailee,hand
rec-333-org,madison,kammermann
rec-334-org,schkirra,badger
rec-335-org,chloe,stancombe
rec-336-org,connor,white
rec-337-org,grace,lock
rec-338-org,joshua,minh
rec-339-org,lochlan,camp
rec-340-org,seth,flores
rec-341-org,campbell,huddy
rec-342-org,jasmin,shepherd
rec-343-org,ethan,gibb
rec-344-org,bethany,godfrey
rec-345-org,catherine,bevis
rec-346-org,logan,dobney
rec-347-org,isabella,manson
rec-348-org,isabelle,buchhorn
rec-349-org,abbie,mason
rec-350-org,jacob,portellos
rec-351-org,liam,akkermans
rec-352-org,oliver,blake
rec-353-org,kirra,huggins
rec-354-org,nasyah,schwaz
rec-355-org,william,bandick
rec-356-org,lukas,talladira
rec-357-org,marcus,paterson
rec-358-org,trent,crosthwaite
rec-359-org,blake,bishop
rec-360-org,ryan,hirschfield
rec-361-org,ashley,silvestro
rec-362-org,william,zoanetti
rec-363-org,chelsea,elrick
rec-364-org,laklynn,schamschurin
rec-365-org,joe,hyland
rec-366-org,william,elkhair
rec-367-org,christian,donaldson
rec-368-org,emma,paine
rec-369-org,sophie,green
rec-370-org,laura,ryan
rec-371-org,paris,stranger
rec-372-org,holly,ryan
rec-373-org,tara,nguyen
rec-374-org,david,noble
rec-375-org,kyle,green
rec-376-org,tegan,drinkell
rec-377-org,freya,dudley
rec-378-org,kyle,kammermann
rec-379-org,trent,klimkiewicz
rec-380-org,hamish,ryan
rec-381-org,joshua,stephenson
rec-382-org,chelsea,scamoni
rec-383-org,madalyn,parr
rec-384-org,charlie,campbell
rec-385-org,vianca,fauser
rec-386-org,adam,spicer
rec-387-org,daniel,campbell
rec-388-org,makayla,ryan
rec-389-org,lachlan,noack
rec-390-org,lauren,dent
rec-391-org,breana,teague
rec-392-org,alexandra,reid
rec-393-org,zachary,hammer
rec-394-org,madeline,ploegsma
rec-395-org,abby,jolly
rec-396-org,keira,clarke
rec-397-org,rebekah,lanzotti
rec-398-org,shelbey,baddeley
rec-399-org,annalise,deakin
rec-400-org,lily,white
rec-401-org,holly,carbone
rec-402-org,jake,clutterbuck
rec-403-org,olivia,matthews
rec-404-org,arabella,lavrencic
rec-405-org,matisse,matthews
rec-406-org,lauren,havelberg
rec-407-org,stephanie,matthews
rec-408-org,kaysey,chandler
rec-409-org,mitchell,eyles
rec-410-org,mystique,whait
rec-411-org,charlotte,white
rec-412-org,lucy,bishop
rec-413-org,alexander,green
rec-414-org,daniel,white
rec-415-org,hannah,britten
rec-416-org,juliana,sachsse
rec-417-org,aimee,rutte
rec-418-org,meagan,gillard
rec-419-org,jack,green
rec-420-org,raquel,mcglinn
rec-421-org,jarred,georgiadis
rec-422-org,ethan,maynard
rec-423-org,bianca,matthews
rec-424-org,sarah,du
rec-425-org,charlize,campbell
rec-426-org,stephen,waltrowicz
rec-427-org,joshua,leditschke
rec-428-org,trinity,voivodich
rec-429-org,riley,lowe
rec-430-org,monique,coulson
rec-431-org,rebekah,callahan
rec-432-org,shantal,bishop
rec-433-org,seth,green
rec-434-org,jinni,mason
rec-435-org,benjamin,reid
rec-436-org,carly,matthews
rec-437-org,david,mrozinski
rec-438-org,jacob,meadows
rec-439-org,kobe,matthews
rec-440-org,alexander,oaks
rec-441-org,sebastian,waller
rec-442-org,george,stanley
rec-443-org,matthew,reid
rec-444-org,tuscany,campbell
rec-445-org,kayden,bishop
rec-446-org,kalli,toker
rec-447-org,joshua,white
rec-448-org,laura,morrison
rec-449-org,darcy,crosswell
rec-450-org,ryan,reid
rec-451-org,haylee,toneva
rec-452-org,pakita,adorni-braccesi
rec-453-org,delaney,hingston
rec-454-org,liam,berry
rec-455-org,william,oo
rec-456-org,maddison,clota
rec-457-org,benjamin,wardle
rec-458-org,joshua,calnan
rec-459-org,kate,braine
rec-460-org,isabella,herbert
rec-461-org,kiera,badewitz
rec-462-org,thomas,dillworth
rec-463-org,ruben,white
rec-464-org,sarah,webb
rec-465-org,charlotte,bralic
rec-466-org,leon,vincent
rec-467-org,lauren,o'flynn
rec-468-org,rachel,bishop
rec-469-org,kieren,macarlino
rec-470-org,levi,delledonne
rec-471-org,jackson,la porte
rec-472-org,shaun,hoffman
rec-473-org,thomas,beazley
rec-474-org,xanthe,vereb
rec-475-org,sebastian,heyes
rec-476-org,alannah,mclelland
rec-477-org,louis,crossman
rec-478-org,madeline,bishop
rec-479-org,joshua,egglestone
rec-480-org,mikhayla,riddoch
rec-481-org,adam,warnock
rec-482-org,jeremy,mason
rec-483-org,bodhi,bishop
rec-484-org,lilly,nguyen
rec-485-org,raquel,reid
rec-486-org,james,webb
rec-487-org,caitlin,denholm
rec-488-org,nathan,callahan
rec-489-org,sarah,green
rec-490-org,arren,lodge
rec-491-org,bradley,meaney
rec-492-org,samuel,slape
rec-493-org,isabella,maynard
rec-494-org,flynn,torzillo
rec-495-org,chloe,rauseo
rec-496-org,jacob,mcgregor
rec-497-org,tyler,siviour
rec-498-org,matthew,burleigh
rec-499-org,ruby,mcbryde
rec-500-org,oliver,white
rec-501-org,taylah,reid
rec-502-org,isabel,white
rec-503-org,evan,kyriacou
rec-504-org,joel,maziakowski
rec-505-org,rohan,miles
rec-506-org,sarah,white
rec-507-org,brooke,mcveigh
rec-508-org,isabella,minchinton
rec-509-org,kyle,mujmanovac
rec-510-org,james,scarabotti
rec-511-org,benjamin,bartel
rec-512-org,claudia,truman
rec-513-org,teneille,lindorff
rec-514-org,zachary,noble
rec-515-org,mikayla,scarce
rec-516-org,ciaran,joly
rec-517-org,jack,webb
rec-518-org,samuel,dixon
rec-519-org,bailey,tiller
rec-520-org,fraser,spargo
rec-521-org,liam,noble
rec-522-org,daniel,feleppa
rec-523-org,julia,jeffries
rec-524-org,connor,webb
rec-525-org,giuliana,hefford
rec-526-org,kieren,white
rec-527-org,michael,millane
rec-528-org,domenique,stephenson
rec-529-org,alex,donaldson
rec-530-org,sarah,matthews
rec-531-org,ebony,needham
rec-532-org,levi,mcelhinney
rec-533-org,zoe,pesch
rec-534-org,madelyn,cannell
rec-535-org,benjamin,shih
rec-536-org,hannah,seddon
rec-537-org,shakira,postolovski
rec-538-org,charlie,browne
rec-539-org,megan,campbell
rec-540-org,jackson,roche
rec-541-org,jed,matthews
rec-542-org,emiily,afford
rec-543-org,hanna,campbell
rec-544-org,peta,hebberman
rec-545-org,patrick,rider
rec-546-org,tara,lowe
rec-547-org,liam,presley
rec-548-org,samuel,bergamaschi
rec-549-org,marlee,dinnison
rec-550-org,lauren,kilby
rec-551-org,danielle,maier
rec-552-org,solomon,frazer-oakley
rec-553-org,chelsea,crook
rec-554-org,maggie,bishop
rec-555-org,dillon,leong
rec-556-org,hunter,nguyen
rec-557-org,noah,tomney
rec-558-org,aloysius,selvarajan
rec-559-org,brianna,wilde
rec-560-org,coby,saul
rec-561-org,thomas,hope
rec-562-org,zoe,cowell
rec-563-org,jared,mulvie
rec-564-org,lacey,merckenschlager
rec-565-org,lachlan,mcfeeters
rec-566-org,finn,rau
rec-567-org,james,stanley
rec-568-org,wil,wimmer
rec-569-org,meg,shepherd
rec-570-org,lachlan,cervo
rec-571-org,harrison,paterson
rec-572-org,alyssa,gasparin
rec-573-org,beau,heron
rec-574-org,nicole,rudd
rec-575-org,pakita,buttrose
rec-576-org,tylah,lowry
rec-577-org,peta,tuza
rec-578-org,sebastian,mason
rec-579-org,isabella,reid
rec-580-org,jack,green
rec-581-org,eliza,herbert
rec-582-org,charles,yallop
rec-583-org,mary,lodge
rec-584-org,william,mazzone
rec-585-org,nicholas,reid
rec-586-org,louise,clarke
rec-587-org,benjamin,boyle
rec-588-org,caleb,cappelluti
rec-589-org,renee,coleman
rec-590-org,adam,mesecke
rec-591-org,gianni,campbell
rec-592-org,erin,gilbertson
rec-593-org,lara,melin
rec-594-org,william,coleman
rec-595-org,zachary,morton-jones
rec-596-org,d'arcy,hoffman
rec-597-org,tess,nguyen
rec-598-org,tanyshah,eyre
rec-599-org,seth,cochrane
rec-600-org,breana,condessa
rec-601-org,alexandra,hersey
rec-602-org,nicholas,faehse
rec-603-org,mia,white
rec-604-org,imogen,simmonds
rec-605-org,sophie,jolly
rec-606-org,arren,dearing
rec-607-org,jaxson,anninos
rec-608-org,liam,hammill
rec-609-org,ebony,reid
rec-610-org,timothy,lowry
rec-611-org,taliah,bellofatto
rec-612-org,sarah,green
rec-613-org,holly,butt
rec-614-org,xavier,ryan
rec-615-org,zoe,white
rec-616-org,april,white
rec-617-org,brodee,klemencic
rec-618-org,luke,white
rec-619-org,samuel,renfrey
rec-620-org,demie,green
rec-621-org,imogen,kilmartin
rec-622-org,elisha,lette
rec-623-org,kobe,lowe
rec-624-org,samara,dellmann
rec-625-org,benjamin,pascoe
rec-626-org,sascha,le lievre
rec-627-org,kody,vincent
rec-628-org,lauren,boxhall
rec-629-org,tommy,nguyen
rec-630-org,jack,kerr-sullivan
rec-631-org,sophie,boyle
rec-632-org,zach,carmody
rec-633-org,stephanie,spicer
rec-634-org,julia,meadows
rec-635-org,tori,sherriff
rec-636-org,talissa,campbell
rec-637-org,lauren,clarke
rec-638-org,jessica,kotaro
rec-639-org,luke,bligh
rec-640-org,magnus,gamlin
rec-641-org,tiana,darch
rec-642-org,brooke,revie
rec-643-org,samuel,wilkins
rec-644-org,madison,george
rec-645-org,madeleine,lisiak
rec-646-org,chloe,meaney
rec-647-org,dylan,ryan
rec-648-org,jed,ryan
rec-649-org,adele,wilkins
rec-650-org,chelsea,matthews
rec-651-org,hannah,brooker
rec-652-org,charlize,simmonds
rec-653-org,bianca,crook
rec-654-org,jade,lock
rec-655-org,vanessa,campbell
rec-656-org,amy,nguyen
rec-657-org,nicholas,green
rec-658-org,phoenix,nagaria
rec-659-org,anthony,moody
rec-660-org,gillian,mccarthy
rec-661-org,laura,kalinowski
rec-662-org,lachlan,broadby
rec-663-org,jarred,aspinall
rec-664-org,harry,lippett
rec-665-org,bianca,mollross
rec-666-org,tynan,crofts
rec-667-org,michaela,clarke
rec-668-org,mitchell,mccarthy
rec-669-org,bailey,hyland
rec-670-org,yasmin,maynard
rec-671-org,jacob,henneken
rec-672-org,felicity,kindavong
rec-673-org,sarah,nguyen
rec-674-org,isabelle,mcfadden
rec-675-org,thomas,beams
rec-676-org,elki,clarke
rec-677-org,monique,gilbertson
rec-678-org,tahni,callahan
rec-679-org,cameron,bligh
rec-680-org,jean-claude,holwill
rec-681-org,brianna,clarke
rec-682-org,amy,ritz
rec-683-org,mitchell,den elzen
rec-684-org,sophie,neff
rec-685-org,luke,white
rec-686-org,samuel,dixon
rec-687-org,tiahnee,foenander
rec-688-org,gracie,baillie
rec-689-org,ruby,coleman
rec-690-org,joel,cappelluti
rec-691-org,talan,makkonen
rec-692-org,jake,wirsu
rec-693-org,samuel,navarro
rec-694-org,mason,hassell
rec-695-org,joel,papageorgiou
rec-696-org,harley,crouch
rec-697-org,paul,mccarthy
rec-698-org,zarlia,birchby
rec-699-org,zachary,rivers
rec-700-org,nicholas,follese
rec-701-org,jacobie,kaplan
rec-702-org,jackson,duits
rec-703-org,zachary,ryan
rec-704-org,chelsea,stangoulis
rec-705-org,benjamin,clarke
rec-706-org,erin,bansemer
rec-707-org,thomas,mantel
rec-708-org,marko,needham
rec-709-org,bayden,scerri
rec-710-org,laura,cochrane
rec-711-org,jake,mexted
rec-712-org,amber,hinchcliff
rec-713-org,caitlin,hague
rec-714-org,ashlie,cochrane
rec-715-org,stephanie,finlay
rec-716-org,james,white
rec-717-org,harrison,howie
rec-718-org,elise,nguyen
rec-719-org,sophie,o'shannessy
rec-720-org,harry,karafilis
rec-721-org,harriet,orchard
rec-722-org,hugh,rachwal
rec-723-org,eliza,wraight
rec-724-org,liam,baillie
rec-725-org,brodie,finlay
rec-726-org,chloe,donaldson
rec-727-org,zachary,wynne
rec-728-org,samuel,sherriff
rec-729-org,ethan,lowe
rec-730-org,tiana,kinniburgh
rec-731-org,riley,zazula
rec-732-org,harrison,donaldson
rec-733-org,richard,covino
rec-734-org,luke,trenerry
rec-735-org,hannah,crosswell
rec-736-org,kane,mcneill
rec-737-org,anita,warneke
rec-738-org,aaliyah,silson
rec-739-org,benjamin,noble
rec-740-org,zachary,grafton
rec-741-org,matthew,bullock
rec-742-org,sam,campbell
rec-743-org,hollie,leishman
rec-744-org,samantha,nguyen
rec-745-org,joel,alderman
rec-746-org,madison,lowe
rec-747-org,reuben,jolly
rec-748-org,dylan,loosmore
rec-749-org,byron,donaldson
rec-750-org,samuel,rasic
rec-751-org,finn,hyland
rec-752-org,charlotte,everett
rec-753-org,tara,donaldson
rec-754-org,courtney,scarce
rec-755-org,thomas,mcvicar
rec-756-org,genevieve,halley
rec-757-org,renee,overmeyer
rec-758-org,kobe,purtell
rec-759-org,jaykob,mccarthy
rec-760-org,alexandra,seddon
rec-761-org,zachary,mcgregor
rec-762-org,laura,paterson
rec-763-org,lillian,varcoe
rec-764-org,quinn,webb
rec-765-org,tara,koopman
rec-766-org,kayden,steers
rec-767-org,rachel,greathouse
rec-768-org,william,matthews
rec-769-org,ruby,millar
rec-770-org,millie,blake
rec-771-org,justin,green
rec-772-org,benjamin,mackinlay
rec-773-org,darcy,clarke
rec-774-org,jack,ryan
rec-775-org,bradley,hickinbotham
rec-776-org,ashleigh,yeoman
rec-777-org,sam,beattie
rec-778-org,travis,westbrook
rec-779-org,ruby,reid
rec-780-org,natalee,reid
rec-781-org,carla,meaney
rec-782-org,abbey,webb
rec-783-org,joanna,morrison
rec-784-org,alice,zappulla
rec-785-org,kenneth,kiernan
rec-786-org,joshua,pennell
rec-787-org,patrick,eisele
rec-788-org,madison,thredgold
rec-789-org,samuel,curry
rec-790-org,madelyn,graue
rec-791-org,bree,bajic
rec-792-org,matthew,noble
rec-793-org,nathan,petersen
rec-794-org,mitchell,sternbeck
rec-795-org,timothy,hyland
rec-796-org,sophie,reimers
rec-797-org,brooke,pyper
rec-798-org,hayley,jeffries
rec-799-org,ella,mcgregor
rec-800-org,kiera,snell
rec-801-org,todd,wang
rec-802-org,grace,dermatis
rec-803-org,william,rivera
rec-804-org,chelsea,wisby
rec-805-org,georgia,mcvilly
rec-806-org,phoebe,matthews
rec-807-org,maliah,alderman
rec-808-org,haylee,schmitzer
rec-809-org,jordan,hemmings
rec-810-org,joshua,nedcraft
rec-811-org,alisa,dudley
rec-812-org,alison,goldsworthy
rec-813-org,felicity,bloomfield
rec-814-org,bertie,mcgregor
rec-815-org,oliver,carbone
rec-816-org,olivia,roche
rec-817-org,toby,rawlings
rec-818-org,kylee,reid
rec-819-org,sana,boyle
rec-820-org,william,rees
rec-821-org,bree,mantovan
rec-822-org,benjamin,renfrey
rec-823-org,oliver,lowe
rec-824-org,lawson,lewan
rec-825-org,isabella,mir
rec-826-org,ethan,gelok
rec-827-org,hanna,mccaffrey
rec-828-org,briony,armfield
rec-829-org,max,gusain
rec-830-org,alicia,ryan
rec-831-org,emiily,rankine
rec-832-org,mackinley,basyaruddin
rec-833-org,olivia,fitzpatrick
rec-834-org,livia,ryan
rec-835-org,kirrah,rump
rec-836-org,jade,galbraith
rec-837-org,samir,kerley
rec-838-org,kate,wilkey
rec-839-org,jed,green
rec-840-org,sarah,behnke
rec-841-org,lucas,etherington
rec-842-org,tiana,green
rec-843-org,riley,churches
rec-844-org,joel,kirkness
rec-845-org,timothy,denwer
rec-846-org,jessica,campain
rec-847-org,hugo,rudd
rec-848-org,joshua,nguyen
rec-849-org,kallie,jessup
rec-850-org,jack,daviess
rec-851-org,damien,baillie
rec-852-org,laetitia,mccarthy
rec-853-org,maria,cummin
rec-854-org,nicholas,blackwell
rec-855-org,bethany,froud
rec-856-org,ethan,shepherd
rec-857-org,holly,liddy
rec-858-org,chloe,nguyen
rec-859-org,chelsea,burford
rec-860-org,harrison,bevis
rec-861-org,ned,havelberg
rec-862-org,rebecca,sherriff
rec-863-org,jessica,anninos
rec-864-org,matilda,chol
rec-865-org,ellouise,ah kit
rec-866-org,jordan,stearnes
rec-867-org,emma,nguyen
rec-868-org,keira,thredgold
rec-869-org,adam,campbell
rec-870-org,joel,aspinall
rec-871-org,laura,rosa
rec-872-org,rachel,david
rec-873-org,bailey,macgowan
rec-874-org,stephanie,cragg-sapsford
rec-875-org,john,mcvicar
rec-876-org,tara,dakis
rec-877-org,oliver,hanna
rec-878-org,emiily,gillard
rec-879-org,jarred,tregloan
rec-880-org,danny,orchard
rec-881-org,julia,guymer
rec-882-org,harrison,sierakowski
rec-883-org,jake,bochmann
rec-884-org,lucy,paterson
rec-885-org,jessica,mccarthy
rec-886-org,konstantinos,passell
rec-887-org,charlotte,purdon
rec-888-org,sascha,crapp
rec-889-org,liam,binns
rec-890-org,lachlan,white
rec-891-org,joel,sribar
rec-892-org,harrison,boyle
rec-893-org,erin,willmot
rec-894-org,lochlan,mason
rec-895-org,isabella,green
rec-896-org,sarah,chamalaun
rec-897-org,drew,clarke
rec-898-org,talia,carbone
rec-899-org,tahnee,ho
rec-900-org,marko,mccarthy
rec-901-org,bella,stanley
rec-902-org,sophie,sunderland
rec-903-org,gabriel,wasson
rec-904-org,naomi,teague
rec-905-org,noah,lowe
rec-906-org,daniel,due
rec-907-org,jennifer,matthews
rec-908-org,madeline,ryan
rec-909-org,daniella,kapusniak
rec-910-org,phillip,reid
rec-911-org,karli,webb
rec-912-org,molly,dunstone
rec-913-org,hannah,paterson
rec-914-org,india,rossow
rec-915-org,lachlan,averis
rec-916-org,chelsea,craske
rec-917-org,tristan,amarjit
rec-918-org,ethan,baars
rec-919-org,ryleh,hillary
rec-920-org,timothy,danelon
rec-921-org,joshua,ryan
rec-922-org,blake,tangorra
rec-923-org,mikaela,mccarthy
rec-924-org,john-paul,donaldson
rec-925-org,tiana,juric
rec-926-org,ewan,tiller
rec-927-org,oliver,ballantyne
rec-928-org,georgia,campbell
rec-929-org,courtney,dudley
rec-930-org,amelia,ryan
rec-931-org,jack,lodge
rec-932-org,bianca,blake
rec-933-org,joel,chittleborough
rec-934-org,robert,gajda
rec-935-org,matthew,george
rec-936-org,zane,farah
rec-937-org,joshua,clarke
rec-938-org,lochlan,steers
rec-939-org,emma,cakic
rec-940-org,tanyshah,mccarthy
rec-941-org,isabella,mason
rec-942-org,alexandra,walkley
rec-943-org,talia,reece
rec-944-org,bianca,ranson
rec-945-org,jonathon,thorpe
rec-946-org,james,caruana
rec-947-org,imogen,miell
rec-948-org,alivia,liersch
rec-949-org,jarrod,hick
rec-950-org,blake,blake
rec-951-org,alisa,blake
rec-952-org,nicholas,paterson
rec-953-org,callum,dietrich
rec-954-org,aaron,lock
rec-955-org,arabella,matthews
rec-956-org,emalene,berry
rec-957-org,dylan,mcvey
rec-958-org,jayden,nguyen
rec-959-org,stephanie,claydon
rec-960-org,bridget,buttsworth
rec-961-org,tyron,krollig
rec-962-org,damien,webb
rec-963-org,kelsea,georgetti
rec-964-org,isabella,seselja
rec-965-org,holly,tinson
rec-966-org,charles,headon
rec-967-org,mia,pylypenko
rec-968-org,declen,liddy
rec-969-org,paige,leythamm
rec-970-org,kyle,nicolle
rec-971-org,talia,cheshire
rec-972-org,ashley,bail
rec-973-org,shelbey,mccarthy
rec-974-org,shelby,wang
rec-975-org,joel,robison
rec-976-org,dylan,ryan
rec-977-org,tom,kyriacou
rec-978-org,kayla,goldsworthy
rec-979-org,ka,madigan
rec-980-org,james,lowe
rec-981-org,tristan,weatherhill
rec-982-org,lucas,de gennaro
rec-983-org,imogen,white
rec-984-org,samuel,bruhn
rec-985-org,jackson,camp
rec-986-org,louis,lock
rec-987-org,james,leslie
rec-988-org,flynn,braithwaite
rec-989-org,dayna,wykmans
rec-990-org,jemma,reid
rec-991-org,jacobie,anns
rec-992-org,amaya,mcmellon
rec-993-org,daniel,jetter
rec-994-org,lachlan,ringland
rec-995-org,nicholas,cadman
rec-996-org,alessandria,wheatley
rec-997-org,tommy,eglinton
rec-998-org,tristan,ryan
rec-999-org,tristan,blake
